reviewId,userName,userImage,content,score,thumbsUpCount,reviewCreatedVersion,at,replyContent,repliedAt,appVersion,company
2a5a960c-6513-4417-afc5-454899ca09df,justine mbwilo,https://play-lh.googleusercontent.com/a-/ALV-UjX475EFEOUcIhiSNnqaAnBu5t_IOOUDZqLUbHUtnYG9C5jMd0YS,You good in moto bikes.but for car request your always busy. you have failed to fulfill the demands of your customers.,1,0,1.0.51,2025-04-28 07:50:47,,,1.0.51,faras
d20bf972-1089-42f2-aba1-2ce3f202edab,Lenard Mbonile,https://play-lh.googleusercontent.com/a/ACg8ocJrjC6GbFCocYBIdWscjvUZG3YpzkGNpZalV-ydn0eP2TmQmg=mo,kawe,5,0,,2025-04-27 22:24:09,,,,faras
5d36662b-f583-4645-a6fb-b6a5092ceab7,BIBLICAL TRUTH INTERNATIONAL COLLEGE,https://play-lh.googleusercontent.com/a-/ALV-UjX8-OR3gDUMqHHv47F9rVrbS6wGlVTQjexRh8SSWTHbWqa16Mk,it's nice App I appreciate all the management,5,0,,2025-04-27 19:54:50,,,,faras
9c975bee-d0bc-4817-8971-339137dfee89,Rose Nonold,https://play-lh.googleusercontent.com/a-/ALV-UjV68_bXVFQl_nHWVFNxDohjx4D8dQNbOFp-7jhLhelg2tXUIujy,"affordable prices, this is really good.",5,0,1.0.51,2025-04-24 20:44:13,,,1.0.51,faras
674ffc55-5a5a-49a1-8267-c4493838b456,Glory Beda,https://play-lh.googleusercontent.com/a/ACg8ocI_3NIn8VIsFz0HtX-qyZhNg_idcavmhEMnUT7VB2lFDo3NZg=mo,worst app ever. every driver I tried to book either cancelled on me or went into and opposite direction. they don't even pick their phones. WORST WORST WORST APPLICATION EVER!!!!,1,0,,2025-04-24 20:11:59,,,,faras
142577b4-15dd-49d7-9396-9a1e03d55ed2,Innocent Nsabimana,https://play-lh.googleusercontent.com/a/ACg8ocIK94Vq-R6yglZ5G69dBy1Cznk_cICyQzCzH-LGcBXo6DSa-w=mo,very good,5,0,1.0.51,2025-04-24 17:48:45,,,1.0.51,faras
2c273d87-98e1-4727-a860-504335956d63,oscar papa,https://play-lh.googleusercontent.com/a/ACg8ocItCqcfJA3wbQF6vSrjB9s6qaY8c--ZaSr5eSKxPDQpHGgK-vQs=mo,fair,3,0,,2025-04-23 01:32:02,,,,faras
bd73ea08-d266-41cc-a394-0779ae601fb0,Devis ah,https://play-lh.googleusercontent.com/a-/ALV-UjWMwySW1kCBF5rMzJEfIhNiMG98CSNXazVVQbdizhbX_oN_fpDm,"great app for travel, thank you for saving me from unfair costs",5,2,1.0.51,2025-04-22 11:26:21,,,1.0.51,faras
617b5474-b153-4e1f-8dcd-9115f0b9bd94,Reign Lamu,https://play-lh.googleusercontent.com/a-/ALV-UjWgLvWAushGRs0hKCusXihCMdN-QE1kmUkQxlGFYXhDlsCGqMA,"i have tried this app many times but i realised its drivers, riders are very disrespectful, rude unprofessional and use very old cars. seat belts don't work i think faras team needs to examine cars before allowing them join their circle. its never comfortable riding with Faras!",1,0,,2025-04-21 19:49:01,,,,faras
5516bc08-597f-4b58-bb07-013d347698e1,Peter Odhiambo,https://play-lh.googleusercontent.com/a-/ALV-UjVxe-T-CJOCWxhK35lz7iCOy4-R4GwPq4Wq0p1EbpqgmU_uA2I_,how can i be your Rider?,5,0,1.0.51,2025-04-21 10:07:20,,,1.0.51,faras
c8a83947-5b09-43bc-88e8-b165eaa7bb9b,ankunda ericMichael,https://play-lh.googleusercontent.com/a/ACg8ocIDyP5had5TWvapzzSfiTT69JL7nspM-JA9aBbKV-Lh2hdxpA=mo,am this app has available riders. however once you get a terrible rider and opt to end the ride for a more responsble rider you still get charged the full amount. if rider is careless and want to end the ride after a min then why not charge me for the minute or soo instead of a full fee. you are trapping customers to careless riders,1,0,1.0.51,2025-04-20 11:24:35,,,1.0.51,faras
ae7ec39e-b8cc-4454-810b-2c453bddd347,Mark Prince,https://play-lh.googleusercontent.com/a-/ALV-UjW5CmiVl3L5ESt1a6VW_SFUN-hwEQ-s4me2Js2p1mnVo0hw0VC5,"The very best app to book a ride,,,, good and great discount,,, redemption of faras miles,,, always on the go.. I just like the app",5,1,1.0.51,2025-04-19 17:27:39,,,1.0.51,faras
ed7b0ba8-117a-481f-aa37-2985831d16af,Sir Gilbert kategaya,https://play-lh.googleusercontent.com/a-/ALV-UjXC3BG8I0X49lckkzGU8HX2fKWP5qJeE0qDtQUtpLl-xV2kq0_vRg,the recent update is bogus however the customer service is not capable and not fully certain on how to resolve issues. rather wondering if you people even care about what drivers go through in order to deliver the service üôÑ,1,0,1.0.51,2025-04-18 20:48:52,,,1.0.51,faras
e638451a-00e4-4a58-933a-69068324d532,Desire Emaa,https://play-lh.googleusercontent.com/a-/ALV-UjV4Me43OxaiHVMn9NS9mltFqlTGj0kWvtHsCc2UVrDcL8dJIe0,thank u,5,0,1.0.51,2025-04-16 22:31:50,,,1.0.51,faras
1de077d5-e84e-44b3-92a4-525a631ceddc,Shallot Tukasingura,https://play-lh.googleusercontent.com/a-/ALV-UjXNFwf58EWw-42L34TAFW42zXLulOZTWRiH9dKQ8qDym1UnwCJN,"you don't deserve even a Star. it was my first time to use and it will be the last time to use. You put in your location, they saw you the price and then you reach there , they double the money and on top of that the driver starts the journey like 8 mins before setting off. The worst app that I have ever used in my life time, and I can't even recommend it to any. let me reinstall it now that I have given in my review üò≠üò≠üò≠üò≠",1,22,1.0.51,2025-04-16 10:26:28,,,1.0.51,faras
24fc92a2-e873-4666-9f05-a07a34f3c04a,ISMAIL GIRIBO,https://play-lh.googleusercontent.com/a-/ALV-UjUtm0KFo5MJ2fky1av9wmLDtCqybS3-cVgAy5VOtc0RsVgRDA,for firster transit app,5,0,1.0.51,2025-04-12 20:33:57,,,1.0.51,faras
3bb60149-3e94-4346-8a89-0f53e121e084,Victor Adet,https://play-lh.googleusercontent.com/a-/ALV-UjUxOv8PFfyDLYIwFenLesOawtgPHMYjaxpr3_IKVlxxCWRBtcseZw,You can no longer redeem your faras Miles ü•∫ü•∫,2,0,1.0.51,2025-04-10 22:10:40,,,1.0.51,faras
0c858e68-79f9-4bb6-8ee3-56c2a024b01f,Jjumba Husina,https://play-lh.googleusercontent.com/a-/ALV-UjUYv6IAFVug-D-kwIF5jUeo2evmYR84sNjaMlk_EUCAuPAHchKb,very fast n clean,5,0,1.0.51,2025-04-09 11:11:10,,,1.0.51,faras
b419732d-2276-4af1-b96d-8fba06d3dc0b,Atim Winnie,https://play-lh.googleusercontent.com/a-/ALV-UjXON6ijUJhEltap9iq7IUsNvh7FrRjldWzwQR0n1x19MHuyl_Io,The riders are rude and mean on top of that one abused my sister that they are so stupid ü§¨ I really got disappointed about your employees and yet Faras has been my favorite and I had influenced all my friends and recommended them for Faras as their first choice. I really feel like disclosing this to them üòîüòîüòîI even have a screenshot of the message,2,1,1.0.51,2025-04-08 16:45:51,,,1.0.51,faras
38fabff0-8917-4402-b68a-19169d870f78,Deus byaruhanga,https://play-lh.googleusercontent.com/a-/ALV-UjUE3cokFEqC0JUTBo0-X0Ok6msaw3yS5AaPbZIJPoEK7VayjVoBOA,good care,5,0,1.0.51,2025-04-08 16:45:11,,,1.0.51,faras
018e6252-52ee-47c2-8dfd-f41c69471e62,Okema Divine,https://play-lh.googleusercontent.com/a-/ALV-UjVy2qymvxc99mVs5Pkp9wP56hwYv7RRpjQ9pJtztatlxWoBaywu,pretty awesome üòéüíØ,5,0,1.0.51,2025-04-08 11:07:25,,,1.0.51,faras
98246192-e890-4625-9608-5f28e6e2db66,Ketra Nabwire,https://play-lh.googleusercontent.com/a/ACg8ocLaMKvLH5ShC09W5lhmWa3eACud90SAUPoniMytfekkWAgC3g=mo,"I gave one star only because there's no rating where I can give none, I've used this app for like two weeks, today was my worst experience among the other times, this guy drove me and I realized he wasn't taking me where I was supposed to go so i told him and he told me to get off and pay him because apparently I put a wrong address which wasn't true coz I confirmed it like 5 times and he got off and was all angry, I was scared so I did, I can never recommend this app to anyone coz it's trash!!",1,1,,2025-04-06 18:00:14,,,,faras
74cbb4c0-6979-4581-b968-f8b960325de3,Ssebbale Fahad,https://play-lh.googleusercontent.com/a/ACg8ocLqXWk4K8cE3-NtzpFZ9JCnipq03lY1ic2tuFoLxi_-zfd2sw=mo,fahad good rider,5,0,1.0.51,2025-04-05 19:44:32,,,1.0.51,faras
9373d4b6-5c96-4b80-ad17-2bc9516534ca,Shaznay Angel,https://play-lh.googleusercontent.com/a/ACg8ocJ8XmhFzmT-4Pubh62fn5Bwt5tsPNGy_lDkXn7OMNyu7gnr4g=mo,"Today the driver told me to pay extra 350 shillings for ride and I didn't have the money and it was dark and raining, who really knows what that man could have done to me if I didn't money borrow the money and given it to him!? I'm saying this with all respect that Faras should do better",1,0,1.0.51,2025-04-05 19:34:51,,,1.0.51,faras
49b9141d-2ec0-4267-98c4-7e722a09ecc7,Imadeldein Mohyeldein,https://play-lh.googleusercontent.com/a-/ALV-UjXkOQ-eJn-9u_xh2F6DNYWlWnCTGynLZGGQzxO7hyOWE3Dhuz-d,helpful app,5,0,,2025-04-04 15:20:45,,,,faras
3c6758af-ec0b-4087-9e5b-c57532cabdc9,Maryam Maalim,https://play-lh.googleusercontent.com/a-/ALV-UjU9GULuRq9rmybQFfScoc_SjzPieLDrmi7cXxb6cIAtpa_PuyBN,good üëç,5,0,1.0.51,2025-04-03 19:41:46,,,1.0.51,faras
b04da4b0-56e1-4159-9bf5-c1ed5265f9a7,John,https://play-lh.googleusercontent.com/a/ACg8ocKvB1iRR0QRd9LhyVCDVDq4-7E3yipvhqvpSIoPsF0ZtIAQ6A=mo,very efficient and fast plus friendly drivers.,5,0,1.0.51,2025-04-03 08:53:07,,,1.0.51,faras
23984c1c-2fdb-4051-807e-48cd2b98841c,Robert Muhwezi,https://play-lh.googleusercontent.com/a/ACg8ocIN7EccPDFoFUvJq_UnQiJC5N_SGnzVXnF3MvlL1--mMxGDGg=mo,perfect üëçüëçüëç,5,0,1.0.51,2025-04-02 18:36:31,,,1.0.51,faras
0f7e7e07-c27e-41b4-94e2-945eafc4d3df,Eliud Gichuki,https://play-lh.googleusercontent.com/a-/ALV-UjXWQGS2Xf2mFjuP-Jm3Cdpqimtrwgj6eHrnYkHwXTIxUNldJZuQ,"good app, I love it.",5,0,1.0.50,2025-04-01 21:46:04,,,1.0.50,faras
20215a4f-9f9e-4619-8bf0-dfa25ff7c528,Chris bin salumu,https://play-lh.googleusercontent.com/a-/ALV-UjWF9cyU0OjzGzkqNJ_jqe5dh8Srb2M4Ekh4SGCyzdaWq-VX3w1h,best,5,0,1.0.51,2025-04-01 08:46:35,,,1.0.51,faras
b9dc060d-5e40-4907-9d9a-79e8e642d731,Sarah Given,https://play-lh.googleusercontent.com/a/ACg8ocKxAS7rfTMGs6gNUcTIfc-IyYmm7r55Rrjzc97cdhOBoJoc=mo,"First time user...sign up and ride request was super easy, fast and better price than competitors. 10/10 will use again.",5,0,4.575.10001,2025-04-28 14:11:12,,,4.575.10001,uber
92480de3-4b65-462c-8039-969f067df9da,Abhishek Bose,https://play-lh.googleusercontent.com/a-/ALV-UjVA0MOQ-94SDAa1dC0RDDo4mNyAviQXIvAago5JuLTjsMEUBaTjjQ,nice,5,0,4.574.10000,2025-04-28 14:07:07,,,4.574.10000,uber
ec84bc60-a624-407c-badd-45702f36d54b,Mukesh Garg,https://play-lh.googleusercontent.com/a/ACg8ocKIWFESaNFVaJt5bJfCZN3hcizfA4UaUU-f07qT6FZprJQfBQ=mo,lovely,5,0,4.575.10001,2025-04-28 14:05:21,,,4.575.10001,uber
d2cef443-ce33-44a7-b790-d17a38df715e,sanjay johri,https://play-lh.googleusercontent.com/a/ACg8ocLbme7HOy6gJQocbPz5pVysgdziFs-lPTxcf7tceTkWv3Xvsg=mo,good,5,0,4.575.10001,2025-04-28 14:02:38,,,4.575.10001,uber
34d4a38b-cb1c-4ffb-84d2-bebecc68737c,Zahangir Shamim,https://play-lh.googleusercontent.com/a/ACg8ocJCU3rpaNtPMpxlRRNjGv5M1KTduI_9B_vG3ZowdRChzWbp_5c=mo,great gud,4,0,,2025-04-28 14:01:31,,,,uber
e4ec9b78-2e8d-43c1-95e5-1768a26e1994,Wafa Arafat,https://play-lh.googleusercontent.com/a-/ALV-UjXDocYTAu72KzB9VF9QousWmPH9z-ALMQt7o35lRwp6r4rdxg,I like this good service,5,0,4.575.10001,2025-04-28 13:59:57,,,4.575.10001,uber
61b62f7a-4a50-41a5-a3dc-3218ac810816,Ruman Mujawar,https://play-lh.googleusercontent.com/a-/ALV-UjUWdzrXAPlY07o--MWqFiZyrhKfNaiunGFfIqET4-IlL8UiZ6yB0w,"infinite waiting time, you have to pay tips otherwise drivers won't accept the ride. and the prices after that are way too high than taking a normal cab. not recommended at all. don't use this app.",1,0,4.575.10001,2025-04-28 13:59:54,,,4.575.10001,uber
c8a1b5cc-ffe8-4fce-85e8-44aa88f1ce40,Echo Explosion,https://play-lh.googleusercontent.com/a-/ALV-UjVGIvIfRcDsfMJ44_u9qaa4O919zf21FV7dHrW_J93cmMyF7Z0,cool,5,0,4.574.10000,2025-04-28 13:59:20,,,4.574.10000,uber
acffc904-8e05-4a7d-a9a9-0893203cf129,Reegan srinivasan,https://play-lh.googleusercontent.com/a-/ALV-UjW8LhgIhlbyiMLP8E6gJIzIOKJniXN5OBd2qIhuUeuxEU9wELqh,nice app for travel,5,0,4.575.10001,2025-04-28 13:58:37,,,4.575.10001,uber
e91c4c59-1df5-4dd1-b94c-4030f66e486e,Madise Aaron,https://play-lh.googleusercontent.com/a-/ALV-UjVrae3dgrILdJHi4BYmiXtjVykhNSZ5wsfvqDNBZwZh2CN2-RA,always safe n clean just need to make more drivers available because it's not easy getting a ride with urber the drivers keep canceling,2,0,4.575.10001,2025-04-28 13:58:17,,,4.575.10001,uber
7740c3d0-0d9e-4cb3-a847-f72302d1e850,sameer ahmed khan,https://play-lh.googleusercontent.com/a/ACg8ocKnnJhhWPntXY-1spo2qHmsOiGdZUZU6T8Jfa_AJZCKp92hfQ=mo,Good guy,4,0,4.567.10003,2025-04-28 13:57:28,,,4.567.10003,uber
a5faa2c9-fb2f-4f3a-9dc4-7df70b0de931,Ujjwal Kumar,https://play-lh.googleusercontent.com/a-/ALV-UjXL8-beHmL-JGRozH6FBJKFXlRpnnaYCqonFIkrepUA4lfP2KD2,just amazing,5,0,4.575.10001,2025-04-28 13:56:18,,,4.575.10001,uber
8c7d009f-ca4f-4e0e-a7cf-88df2a6ce4e1,Soni Patel,https://play-lh.googleusercontent.com/a/ACg8ocJlWhRBoyhi8vjVBbAbZ5o6qqsriG2Hy96PVdT4P_7aSjbhxw=mo,driver is good the way of driving it's also his doing driving very safe,5,0,4.575.10001,2025-04-28 13:56:06,,,4.575.10001,uber
e624aff9-5d16-44bc-bd88-ad496c520273,Utkarsh Singh,https://play-lh.googleusercontent.com/a-/ALV-UjXXGLZYfFOC16Sz1ImZSwFE5apKZtAvggPlgLRjDhAQwXLbGqY,nice Kk,5,0,4.573.10001,2025-04-28 13:54:24,,,4.573.10001,uber
5a259e56-42c6-48cc-8de0-daf9629b0bd3,not_nathan 99,https://play-lh.googleusercontent.com/a/ACg8ocJq_hJy6CHLkLFVgtIUF_TSRQgwZKSsnsbSPU11SShUJbogOQ=mo,rip off,1,0,4.575.10001,2025-04-28 13:54:05,,,4.575.10001,uber
c523c0da-35f7-4468-9001-c8fd3b88b3a7,Santosh Kumari,https://play-lh.googleusercontent.com/a/ACg8ocKLmSnrHqq6yDKdv_KQ5bUP57b-OIXV2RRoGOsH05kSbw23wQ=mo,Great platform but some drivers are not so good,5,0,4.573.10001,2025-04-28 13:51:40,,,4.573.10001,uber
df292d4e-9131-482b-a7a8-e90e177f085f,Shirley H,https://play-lh.googleusercontent.com/a/ACg8ocLCiFWCZHrakuOCYJKccQDK9YnFJLZxh58xiCVOWUYhGaay2w=mo,Tried Uber for the first time today really impressed so easy to get a car to where I want to go.,5,0,4.575.10001,2025-04-28 13:49:17,,,4.575.10001,uber
3a7918cd-02f9-4a0e-be5b-39f7c8b65249,Stephen Campbell,https://play-lh.googleusercontent.com/a-/ALV-UjW7CbNx7GjXoyUPxWUP1fTxrW15LRg9IC0b9BDUaUpt2BIr5CZuxw,love it,5,0,4.575.10001,2025-04-28 13:43:14,,,4.575.10001,uber
0c8116de-0b67-4999-917f-7f58471f472f,Rayhan Chowdhury,https://play-lh.googleusercontent.com/a-/ALV-UjWZi3AUQq_42rRrbmIi0GXvQMBiJtV2s_pLs0VxYl5tWcI2aL9s,good enough,5,0,4.575.10001,2025-04-28 13:41:54,,,4.575.10001,uber
492b82c9-f739-43d6-aef4-4c883bdccf88,Ruwani Fernando,https://play-lh.googleusercontent.com/a/ACg8ocKJHSp7xKtfHTPjgoUr99imxwFZ0Znlxm7N1LKe5eiVEnPgcw=mo,great I love it so far,5,0,4.575.10001,2025-04-28 13:41:21,,,4.575.10001,uber
9ed7a67c-9c2d-4603-83ea-0804ad55f57d,Neha Naina,https://play-lh.googleusercontent.com/a/ACg8ocIKx0e3mMQaj5XDTGSb6qrAc8UwtP8PNDLbVhP895fH8-k5hg=mo,nice & very safe,5,0,,2025-04-28 13:39:49,,,,uber
96272aa9-c6cd-47a3-901b-49eae44c941e,Bryan Evans,https://play-lh.googleusercontent.com/a-/ALV-UjUvTEXQtwcGn8sHlmkMsbflSNzaOVOM6DETOuYTWi7Zt1DQQfRy,"Transformative. Our local taxis leave a lot to be desired. UBER is great. Prompt, punctual, what more can one ask.",5,0,4.575.10001,2025-04-28 13:37:53,,,4.575.10001,uber
031b540b-1654-48cf-a4fd-99e3967d7f9d,Pragat Patel,https://play-lh.googleusercontent.com/a-/ALV-UjXm-Ai1NUDr4-ft7rfYsXisSwp_xmU9Y9OAJeNJPXR-qWhQJI4,"no doubt it is helping at many times but at places at vavol, less populated areas, it takes hours to get an uber automobile I wish there should be uber at all places so this wait and waste of time should be saved .",3,0,,2025-04-28 13:28:00,,,,uber
a9c3a212-ae25-45c0-b1ac-ec24949051bd,Shubham YT,https://play-lh.googleusercontent.com/a/ACg8ocJFZH7qx-XBYmi4t4IvuQHBFDKGimRDmd9Cvz2-kr-B-M4AhA=mo,very nice,5,0,,2025-04-28 13:23:32,,,,uber
799dadca-774c-4edd-82ec-3ad01c3ba539,SUR JIT,https://play-lh.googleusercontent.com/a-/ALV-UjWJFz9lVJREnjLCCGYLR6gbpkMzedzjEYgQHEycdYSrA1fbaLrlgA,excellent,5,0,4.575.10001,2025-04-28 13:21:09,,,4.575.10001,uber
2b62d8f5-daa9-4ebf-993f-32d14faa32ee,Jansi Mary,https://play-lh.googleusercontent.com/a-/ALV-UjX_NcWWiaCAjK5xMyR-V-IjQgeY0URCuvmBSoP6v3zS0v-ew2L3,price extra,1,0,4.575.10001,2025-04-28 13:20:39,,,4.575.10001,uber
1165d875-b773-4655-af33-10b9c0fa48ea,Sanchita Saharoy,https://play-lh.googleusercontent.com/a-/ALV-UjXPkIrc6GbnVgAoG0lrLGdPXZ2ulw4kEVvt79Zr-96OjcssiMF9,good,5,0,4.524.10000,2025-04-28 13:20:14,,,4.524.10000,uber
2eb893b6-d2a8-4ee0-963a-1432b25774d8,Shahidul Islam,https://play-lh.googleusercontent.com/a-/ALV-UjWbPYw7p6HwPEPPIskwhgH640dTGChzdpU6UNJnZ2D5ZiMmOJ9gLQ,nice experience,5,0,4.575.10001,2025-04-28 13:14:25,,,4.575.10001,uber
b885791f-9de9-4756-ae16-0c7360df70bb,ÿ∂Ÿäÿßÿ° ÿµÿ®ÿßÿ≠,https://play-lh.googleusercontent.com/a/ACg8ocIJAUt-h8Z7PID-mffmnqxx9N62qOR6cKqcJLzep_ExfDPU4w=mo,good,5,0,4.575.10001,2025-04-28 13:13:59,,,4.575.10001,uber
68f60662-e517-43e7-a700-95c14ae557ad,Anup Kumar Bansal,https://play-lh.googleusercontent.com/a/ACg8ocLUtLkxsUUQp2D00hz0swmyaVCs5Enlp_R_1mYZJNWvxOaNZw=mo,last six month cab Auto only searching no booking your app customer Ko Kisi dusre app ka Sahara Lena padta hai /rapido ola only 2/3 minute Auto/Cab provide me / Maine 8 /5/ 2025 advance cab book kare hai Kya Main is booking ko confirm samjhau ki cab aaegi please provide me customer care number,1,0,4.575.10001,2025-04-28 13:11:04,,,4.575.10001,uber
99e8460f-b5c8-4e26-9286-c1f0db025607,Muisyo Kivuva,https://play-lh.googleusercontent.com/a/ACg8ocJJE3Zwd0p458xJWtuXnFX2GDV_7lYJOd0y0Vojp-_TVkC2cQ=mo,good üëç,5,0,10.5.1,2025-04-28 12:47:25,"Greetings, thank you for your feedback and the 5-star rating. We appreciate your support.^fk",2025-04-28 16:04:19,10.5.1,little
f13d946c-1ad3-4f3a-bce9-b35de6f51488,moraa rose,https://play-lh.googleusercontent.com/a/ACg8ocLeAiV7MX3LEmsiqnFFucldJRsfsKKhfmAAIc1fRbcy-RvKTw=mo,well driven thank you,5,0,10.8.7.5,2025-04-27 11:48:03,"Greetings, thank you for your feedback and the 5-star rating. We appreciate your support.^fk",2025-04-28 16:04:13,10.8.7.5,little
9539df70-91e3-4c24-8f40-65668cab6a9b,Logistics Little pay,https://play-lh.googleusercontent.com/a/ACg8ocIxxpeWkW4G124uPnpwnCQcLqMBgVcRa-xv6CYxa9RlxWs5Hw=mo,Great App,5,0,10.8.7.5,2025-04-26 18:16:34,"Greetings, thank you for your feedback and the 5-star rating. We appreciate your support.^fk",2025-04-28 16:04:01,10.8.7.5,little
5873ba15-c3d3-4246-94b7-50fbb026fc7f,Catherine Maina,https://play-lh.googleusercontent.com/a-/ALV-UjW1HlTQOf1CG_C0S1CGVaf_xvDB8iDkz_ok-CgO95n_MDiUkeNT,excellent riding experience.,5,0,10.8.7.5,2025-04-25 22:23:00,"Greetings, thank you for your feedback and the 5-star rating. We appreciate your support.^fk",2025-04-26 12:56:56,10.8.7.5,little
5fadc273-3030-4469-b255-8be87237456b,Kitty Kay254,https://play-lh.googleusercontent.com/a/ACg8ocLxWqRmrxeGzMR_V1l4jAAKn1_25JhZlIS4lxZnnVwBFPnM1g=mo,Polite and Professional,5,0,10.8.7.5,2025-04-25 20:31:26,"Greetings, thank you for your feedback and the 5-star rating. We appreciate your support.^fk",2025-04-26 12:56:56,10.8.7.5,little
56f0ab31-5fc0-4aa5-bfb6-4ec2145e2e39,kelvin musyoka,https://play-lh.googleusercontent.com/a-/ALV-UjUx4GpAefClxdY-Q1vhnDc_4V84LfWQbJrPAfZdNJ07fEsVMzqk,Great,1,0,10.8.7.5,2025-04-25 07:51:18,"Greetings, thank you for your feedback. We appreciate your support.^fk",2025-04-25 16:51:20,10.8.7.5,little
3d7f7219-ba5b-4551-b2e5-fd83e696b11d,Mwendwa Kalui,https://play-lh.googleusercontent.com/a/ACg8ocIyIoMWn1Tz53S-Z3U50Z50JyKrP6jGgasatHuUhHqiswNt4M4=mo,excellent üëå,1,0,10.8.7.5,2025-04-23 20:59:54,"Greetings, thank you for your feedback. We appreciate your support.^fk",2025-04-24 13:49:46,10.8.7.5,little
ea08296d-1608-421f-b198-afae2d505ae8,Rosaylne Muthoni,https://play-lh.googleusercontent.com/a/ACg8ocIx8HO6z6Xr2Rjr4g32rl6kdY3vWwMQo_Y7iXV94AHef5Pqjw=mo,awesome,5,0,10.8.7.5,2025-04-22 11:05:28,"Greetings, thank you for your feedback and the 5-star rating. We appreciate your support.^fk",2025-04-22 12:44:32,10.8.7.5,little
a8fb129a-294d-4509-8421-442cd7a0a12e,rebecca adhiambo,https://play-lh.googleusercontent.com/a-/ALV-UjX06SwtMMzw7TeDKTuOsVwDupxHoa4Of8_wyr67kvJT4gsPcOXd,nice services,5,0,10.8.7.5,2025-04-21 11:23:06,"Greetings, thank you for your feedback and the 5-star rating. We appreciate your support.^fk",2025-04-22 10:26:39,10.8.7.5,little
ee6bf48a-b0a6-4dee-b676-e9e94832fae9,Emmaculate Nduku Mutiso,https://play-lh.googleusercontent.com/a/ACg8ocJSB6-5flGBQxcA2E1MuatpeOLJjq93cEraKtJ1qFRSnI_jdQ=mo,good app,5,0,10.8.7.5,2025-04-18 23:13:20,"Greetings, thank you for your feedback and the 5-star rating. We appreciate your support.^fk

",2025-04-19 11:51:55,10.8.7.5,little
84ea8faf-1630-4767-acb0-07e0fb97e655,Tonny Sserwanja,https://play-lh.googleusercontent.com/a-/ALV-UjUsc8AkPsMrCy7bGIhHxTeSK6L1cx4_1laRWTHjEYDKGrq8ji47,good app,5,0,10.8.7.5,2025-04-17 19:27:59,"Greetings, thank you for your feedback and the 5-star rating. We appreciate your support.^fk

",2025-04-19 11:52:02,10.8.7.5,little
79fb841c-90ae-4970-b64c-465c2bfcd7bd,Irene Chiaji,https://play-lh.googleusercontent.com/a/ACg8ocIbhaIvGMMPjHEf9X8ZK6xV3jNidGJ1_alOuivHcxNdKLkEFg=mo,Very professional,5,0,10.8.7.5,2025-04-16 11:53:21,"Greetings, thank you for your feedback and the 5-star rating. We appreciate your support.^fk",2025-04-17 12:03:30,10.8.7.5,little
002347a3-b2ce-4d65-b9fd-63c07e505a17,winny nyaboke,https://play-lh.googleusercontent.com/a-/ALV-UjVa0VdNga5G-1tLAX93ePupfCqjW1h7qX1Ohti8eeyD5NyMB7hORQ,Your charges are extracgant.,1,0,10.8.7.5,2025-04-13 20:26:56,"Greetings, thank you for your feedback.^fk",2025-04-14 17:20:44,10.8.7.5,little
2e80754f-cb0e-446c-afac-d1035a33f02a,Eva Njuguna,https://play-lh.googleusercontent.com/a-/ALV-UjWuBqLMb7uA2CBFDhAg_DwdoH5S8TRT25XFDXTZteQAPoGoXOP7PA,Great,5,0,10.8.7.5,2025-04-13 18:57:11,"Greetings, thank you for your feedback and the 5-star rating. We appreciate your support.^fk",2025-04-14 15:14:06,10.8.7.5,little
76676755-56bb-470f-8cfc-5558ccfccc7f,Youssef Soueidi,https://play-lh.googleusercontent.com/a-/ALV-UjUoptKkz1ADkBO7X1Tb2KkglN6famlKBk9T3AdQVT9JbYR5-8hZ7Q,the terrible app stealing from u even when u stop trip cost t 200 rhe take 600,1,0,10.8.7.5,2025-04-12 19:14:17,"Greetings, We‚Äôre really sorry to hear about your experience. Please send the trip details to operations@little.africa, and our team will investigate the issue right away.",2025-04-14 17:20:17,10.8.7.5,little
35274cae-52ab-4d49-9cc9-b2441caeae03,Davis Kibet,https://play-lh.googleusercontent.com/a-/ALV-UjWCFoEIF0HlUa3Wpo3-kDOu9qU26xXR0ZaVhvYrXYSFa0Jfy54I,great,3,0,10.8.7.5,2025-04-12 12:12:33,"Greetings, thank you for your feedback. We appreciate your support.^fk",2025-04-14 15:13:36,10.8.7.5,little
3ef4f14c-efd8-4334-9d07-a3efec26fac7,Nana,https://play-lh.googleusercontent.com/a/ACg8ocL4AQmAwxag0wN5q2gkoOVffGHklHRYJyVUGlUmiE1XNUIEe2yv=mo,awesome and knowledgeable chap,5,0,10.8.7.5,2025-04-08 19:19:02,"Greetings, thank you so much for the 5-star rating. We're thrilled to hear that you‚Äôre enjoying the app.^fk",2025-04-09 18:09:09,10.8.7.5,little
58b7e559-61a4-443d-a3f0-6e050c36c409,meshack nyandiri,https://play-lh.googleusercontent.com/a/ACg8ocJSZpTxHA--FFatn_YpoCCvPa0P1Ze00ErELeyop1zvYsoHbg=mo,excellent service,4,0,10.8.7.5,2025-04-04 02:39:19,"Greetings, thank you for your feedback, we appreciate your support.^fk",2025-04-04 14:52:33,10.8.7.5,little
4445f466-11ab-4cb1-8ed7-cf1e8029fcb9,David Muturi,https://play-lh.googleusercontent.com/a/ACg8ocJSa04MJi9xPw0dLo72TL3t3kTFRSAhuIdPLpap3J30J78gRQ=mo,good,5,0,10.8.7.5,2025-03-30 10:11:31,"Greetings, thank you so much for the 5-star rating. We're thrilled to hear that you‚Äôre enjoying the app.^fk",2025-04-01 12:56:39,10.8.7.5,little
5ae7c7a8-e924-40fc-a497-ef51291d5d8b,Peter Kakuru,https://play-lh.googleusercontent.com/a-/ALV-UjWRaetw-GQbyVIOtbnVTuY9T8Lz_aRxN-9OAqdMGpLmdxBZHlLF,great app for quick movement,5,0,10.8.7,2025-03-27 23:09:58,"Greetings, thank you so much for the 5-star rating. We're thrilled to hear that you‚Äôre enjoying the app.^fk",2025-03-28 11:22:55,10.8.7,little
228b512c-dbe8-4b1d-8bff-2cb90ea294d2,Bridget Kangangi,https://play-lh.googleusercontent.com/a/ACg8ocJFyJcZ6MJy2qLbjoQxFondAxratNgc1ORSG9MmCxT_VF0Njw=mo,it's never busy like others,5,0,10.7.6,2025-03-24 21:27:29,"Greetings, thank you for your feedback and the 5-star rating. We appreciate your support.^fk",2025-03-25 15:14:53,10.7.6,little
5a01611c-8663-4401-882b-81c61e07a050,Barnabas Okumu,https://play-lh.googleusercontent.com/a/ACg8ocKCEuIwxVw23tKYc0EPPvXs0nc1ymmtks4vf5bdNasaff9NkQ=mo,Reliable and Safe,5,0,10.8.7.3,2025-03-22 17:03:20,"Greetings, thank you for your feedback and the 5-star rating. We appreciate your support.^fk",2025-03-24 14:35:18,10.8.7.3,little
f3bf5492-b05e-4117-8085-4c2e220c37f2,Mark Kiema,https://play-lh.googleusercontent.com/a/ACg8ocIw5YQEWusSO2r5AJMywkOPuLck2xMgYfxNXqGgqJxKzDBdRw=mo,great app,5,0,10.8.7,2025-03-19 06:33:02,"Greetings, thank you for your feedback and the 5-star rating. We appreciate your support.^fk",2025-03-19 09:44:43,10.8.7,little
144184c0-1680-4d95-84b5-11e1cbf4130c,Beatrice Nyakanini,https://play-lh.googleusercontent.com/a-/ALV-UjW08-10KQrybK2upQqwSk7fFSACcDveOui2sFR_C-5qy0mBj__w,Commendable service. Peaceful trip,5,0,10.8.7,2025-03-18 21:30:08,"Greetings, thank you for your feedback and the 5-star rating. We appreciate your support.^fk",2025-03-19 09:44:34,10.8.7,little
150d9d9e-7c88-4a5d-8b3c-a1136d4c744e,Ivy Wambui,https://play-lh.googleusercontent.com/a-/ALV-UjUAPcyk3H_SGqYLg8e_zvG5XfAy3PGH8DzTe1uZZhl2KmGWiTw,"I'm giving it two stars because, tell me why the amount I'm paying at my destination is not the same as the amount i was being charged when I was ordering a ride . This has happened twice n yet, I keep receiving a notification that I'll get a 20% discount on my next ride but it never applies. Instead, I'm being overcharged...",2,9,10.8.7,2025-03-18 12:33:24,"Greetings, kindly contact us via operations@little.africa or assistance.^fk",2025-03-18 17:16:56,10.8.7,little
3daf208d-2d37-48c3-8545-3c86d959b3a7,Jane Mumo,https://play-lh.googleusercontent.com/a-/ALV-UjUuqbXmOTlAcmlWhd6stUhZTpwE6RM9OLlVpBT4MBwOc9EQ2rsK,good,1,0,10.7.6,2025-03-17 20:22:14,"Greetings, thank you for your feedback. We appreciate your support.^fk",2025-03-19 09:43:34,10.7.6,little
8467fb5f-260b-4ec9-8d21-2608ee728282,Kedibone Moahlodi,https://play-lh.googleusercontent.com/a/ACg8ocJXI3fIqk7BtPbSqqIUPdD2DdJVkizpmFGXr6K9JGr9l5gFUA=mo,it's great,5,0,CA.159.2,2025-04-28 14:11:22,,,CA.159.2,bolt
3daacbdc-9618-4c85-b891-c4fe07e36637,Ayanda Dhladhla,https://play-lh.googleusercontent.com/a/ACg8ocKg-G2ivTbdwqS-9r5h_B86Q-ScDkURvYM9_eJrw-nvUwKtDw=mo,attitude,1,0,CA.159.2,2025-04-28 14:08:27,,,CA.159.2,bolt
415855d8-6e51-49dd-a28e-8cd65306b585,Kareem Slik,https://play-lh.googleusercontent.com/a/ACg8ocJNSPAiQa8qsvqDxOWOGiGza_Pke6-n78riGbAzOhC4aK-28g=mo,bit pricey,4,0,CA.158.0,2025-04-28 14:03:20,,,CA.158.0,bolt
8893f0a9-4f1e-4282-bcb2-196bf959e445,Phindile Lobese,https://play-lh.googleusercontent.com/a-/ALV-UjWUbeBQMSQWJfA10G-3shX5Z6rgbrx3Eqv9cPuAK4priVwyMk_D,she is friendly and welcoming,5,0,CA.159.2,2025-04-28 13:58:05,,,CA.159.2,bolt
c0815623-e29a-4c3c-a4ef-0c040a12ed92,Joseph Akolade,https://play-lh.googleusercontent.com/a-/ALV-UjXQASBmB7T7o3n7KZpBYJxLTflLiPVfVp7gNKHgvdcp9JrCRj0a,Too difficult to get a rider,1,0,CA.148.0,2025-04-28 13:52:55,,,CA.148.0,bolt
d33d9f1b-d49c-419b-883d-d01a1f59995f,Riaz Tobin,https://play-lh.googleusercontent.com/a-/ALV-UjWtKwONqzIPVZuRN6z4GQPahEWtK2E7fvDKVE9NU8EtrR82s20,WELL DRIEN AND RESPECTABLE AND ON TIME,5,0,CA.159.2,2025-04-28 13:52:32,,,CA.159.2,bolt
6e10d82f-fde8-4bdf-b53f-47791943c6f8,Imran Shamsul,https://play-lh.googleusercontent.com/a/ACg8ocJTqagNYfTYlfj6Pc0BSG-67czwF1UMkhT5l86Cat5rBBXtXAql=mo,"Passenger safety is not a priority for this platform. There is no guarantee that you will have a safe and smooth ride. Bolt as a platform does not ensure any safeguards or guarantees that the driver will begin the journey with the correct rider on board. Twice this week, there has been a random stranger in my ride. Bolt has yet to implement a robust confirmation system between driver and rider.",1,0,CA.159.2,2025-04-28 13:50:15,,,CA.159.2,bolt
2d44393a-1c14-4f39-b10c-f1b3ab5342b2,Thembelihle Martha,https://play-lh.googleusercontent.com/a-/ALV-UjV6hNUQue02QbZhp49-QmJxCMMd17hYcu0Dn7yYlg7aMo57LSA,good service!!,5,0,CA.159.2,2025-04-28 13:31:55,,,CA.159.2,bolt
ee82807a-970d-4326-bf6a-425af4748659,Better Everyday,https://play-lh.googleusercontent.com/a/ACg8ocKdtuM-S0P3KLTw2YbQMtvQlRcOYeS2V_0n4vQt0AhmwFg88gaz=mo,‡πÅ‡∏¢‡πà‡∏°‡∏≤‡∏Å ‡πÄ‡∏£‡∏µ‡∏¢‡∏Å‡∏°‡∏≤‡∏Å‡πá cancel ‡πÄ‡∏£‡∏∑‡πà‡∏≠‡∏¢‡πÜ,1,0,CA.106.0,2025-04-28 13:18:18,,,CA.106.0,bolt
a3223d55-e284-4558-ae75-4d3babb913ee,phil ham,https://play-lh.googleusercontent.com/a/ACg8ocIXMah3wFX1p70V8l9FtR1jen04qB-5Y1CcH8zZAUnBfvjA=mo,good driver. knew best route.,5,0,CA.158.0,2025-04-28 13:15:44,,,CA.158.0,bolt
055aafb5-5f4e-4cb5-90bb-59a28afc2a2d,Amdun Said,https://play-lh.googleusercontent.com/a-/ALV-UjXk188C5gGPv4eiRg8woejZbNI3ck1H410NqGriWBT2kl70rbY,nice,5,0,CA.159.2,2025-04-28 13:11:49,,,CA.159.2,bolt
0b0fd9cb-8389-4669-af09-dfdc81e43d2a,Thuli Gidana,https://play-lh.googleusercontent.com/a/ACg8ocIr72jD4nle-edGWDNztnLjXSmRSWtIJQQz5pVy9diN-5deAw=mo,perfect App,5,0,,2025-04-28 12:56:46,,,,bolt
37942f81-c24b-4a52-b45b-a690fa5d887a,Samkelciwe Hlophe,https://play-lh.googleusercontent.com/a/ACg8ocJIykPeUYLd7HLxsWV3jftBvYO9VQUGU7vsS3BJLc33yh4W8g=mo,excellent,5,0,,2025-04-28 12:56:39,,,,bolt
9ef59264-fefa-4fe3-ae55-785202274e0e,Regomoditswe Paledi,https://play-lh.googleusercontent.com/a/ACg8ocKG1Kf0NmaGW4AhpstpXpNLjZhGQnSuoQrNsOt1MqGEFI8gG01w=mo,good,5,0,CA.159.2,2025-04-28 12:39:24,,,CA.159.2,bolt
338662c4-b8bb-4e14-a6b0-17c6a1aca9f8,Teddy Brian,https://play-lh.googleusercontent.com/a/ACg8ocI8g8WhV1VAVn8gpwy8foiElyQn9JGYOZOKlmt2Fiy3soGxhQ=mo,good app,4,0,CA.158.0,2025-04-28 12:18:33,,,CA.158.0,bolt
44d2bb0a-36fd-4b57-9ffa-7c571d112031,Tsungi Mwandiambira,https://play-lh.googleusercontent.com/a-/ALV-UjX6RCgaws5ZfoBgclG1w-NP5aUCCHSA88FMC4aFN3NTQnIzljwakw,do not download and do not use !!!! absolutely terrible customer service no resolution after leaving me stranded at Heathrow and they had already taken money out of my account. I was told to wait as long as it takes until I connect to a driver willing to take my journey. over 10 drivers cancelled before I spoke to anyone. all in all terrible. oh and the advisors 2 of them hung up on me !!!,1,0,CA.158.0,2025-04-28 12:17:19,,,CA.158.0,bolt
b39b4b40-dfc8-4749-81c4-400f09a8a9f7,Isaac pablo,https://play-lh.googleusercontent.com/a/ACg8ocIRtRA4g9YYvl4Wb25c8AGxpumQjS0uQr0GczZe0dimGV9VpQ=mo,humble and friendly,5,0,CA.159.2,2025-04-28 12:14:09,,,CA.159.2,bolt
ee888ec3-1207-40e6-bd77-417a51810512,Kweku Arthur,https://play-lh.googleusercontent.com/a-/ALV-UjXD-SieKUhH8-xcHM3TQ3wlNOuaPwlSrjcWCmUm-tucf90kpkmu,Satisfying,4,0,CA.158.0,2025-04-28 12:02:20,,,CA.158.0,bolt
9cba44ee-8bf8-4f35-a5ca-75f591fe4c56,Josh Grant,https://play-lh.googleusercontent.com/a/ACg8ocI8nsElF5R-cwuYOvGgyKfZ_JERhtGp-trfl9T7Zor7yEqpWw=mo,travel with less stress,5,0,CA.157.0,2025-04-28 11:54:10,,,CA.157.0,bolt
d7226f3a-30e7-4df5-8d68-07c2e98a458c,Adedapomola Martins,https://play-lh.googleusercontent.com/a-/ALV-UjVe5YPcpGe_q-6D1CozAiRiEaiPAv4omsO7_4_ct3rqcy-busjFqA,good,5,0,CA.159.2,2025-04-28 11:48:06,,,CA.159.2,bolt
